gid,추천시설물
다사738470,방지턱+노면표시
다사757484,어린이보호구역 보강
다사728472,방지턱+노면표시
다사745480,방지턱+노면표시
다사749487,방지턱+노면표시
다사731477,방지턱+노면표시
다사742474,스마트 횡단보도
다사734465,스마트 횡단보도
다사751480,지능형 CCTV
다사747485,어린이보호구역 보강
다사750478,방지턱+노면표시
다사754476,방지턱+노면표시
다사750480,방지턱+노면표시
다사736480,방지턱+노면표시
다사730476,방지턱+노면표시
다사735480,방지턱+노면표시
다사753476,방지턱+노면표시
다사743485,방지턱+노면표시
다사729470,방지턱+노면표시
다사756484,어린이보호구역 보강
다사755484,어린이보호구역 보강
다사737480,방지턱+노면표시
다사749482,방지턱+노면표시
다사731470,방지턱+노면표시
다사757481,방지턱+노면표시
다사756479,방지턱+노면표시
다사736470,방지턱+노면표시
다사734475,방지턱+노면표시
다사746483,방지턱+노면표시
다사737481,방지턱+노면표시
다사734468,방지턱+노면표시
다사744480,방지턱+노면표시
다사738468,방지턱+노면표시
다사732479,방지턱+노면표시
다사734476,방지턱+노면표시
다사732472,스마트 횡단보도
다사730463,스마트 횡단보도
다사744476,스마트 횡단보도
다사734470,버스정류장 연계 보행안전시설
다사736479,버스정류장 연계 보행안전시설
다사750488,어린이보호구역 보강
